{"2.0": {"bleu": 0.15271868202946026, "ppl": 18.21743, "ppl_ref": 18.50247, "human_acc": 0.6816666666666666, "model_acc": 0.6816666666666666, "model_same_as_human_acc": 0.6416666666666667}, "3.0": {"bleu": 0.1511884453895909, "ppl": 18.14363, "ppl_ref": 18.50247, "human_acc": 0.6816666666666666, "model_acc": 0.6816666666666666, "model_same_as_human_acc": 0.66}, "4.0": {"bleu": 0.15086710112217044, "ppl": 18.1418, "ppl_ref": 18.50247, "human_acc": 0.6816666666666666, "model_acc": 0.6816666666666666, "model_same_as_human_acc": 0.675}, "5.0": {"bleu": 0.15015908628936453, "ppl": 18.05205, "ppl_ref": 18.50247, "human_acc": 0.6816666666666666, "model_acc": 0.6816666666666666, "model_same_as_human_acc": 0.6683333333333333}, "6.0": {"bleu": 0.14918972751246204, "ppl": 18.11963, "ppl_ref": 18.50247, "human_acc": 0.6816666666666666, "model_acc": 0.6816666666666666, "model_same_as_human_acc": 0.6933333333333334}, "7.0": {"bleu": 0.149803028422271, "ppl": 18.2746, "ppl_ref": 18.50247, "human_acc": 0.6816666666666666, "model_acc": 0.6816666666666666, "model_same_as_human_acc": 0.6933333333333334}, "8.0": {"bleu": 0.14941242766579427, "ppl": 18.23878, "ppl_ref": 18.50247, "human_acc": 0.6816666666666666, "model_acc": 0.6816666666666666, "model_same_as_human_acc": 0.695}}