{"2.0": {"bleu": 0.22326553981235242, "ppl": 47.35587, "ppl_ref": 48.27969, "human_acc": 0.643, "model_acc": 0.643, "model_same_as_human_acc": 0.72}, "3.0": {"bleu": 0.2043030225217749, "ppl": 48.76022, "ppl_ref": 48.27969, "human_acc": 0.643, "model_acc": 0.643, "model_same_as_human_acc": 0.74}, "4.0": {"bleu": 0.1779685521325936, "ppl": 51.23879, "ppl_ref": 48.27969, "human_acc": 0.643, "model_acc": 0.643, "model_same_as_human_acc": 0.721}, "5.0": {"bleu": 0.15237309784060413, "ppl": 53.77029, "ppl_ref": 48.27969, "human_acc": 0.643, "model_acc": 0.643, "model_same_as_human_acc": 0.709}, "6.0": {"bleu": 0.12693801089676826, "ppl": 56.32262, "ppl_ref": 48.27969, "human_acc": 0.643, "model_acc": 0.643, "model_same_as_human_acc": 0.7}, "7.0": {"bleu": 0.10069385948928927, "ppl": 62.08204, "ppl_ref": 48.27969, "human_acc": 0.643, "model_acc": 0.643, "model_same_as_human_acc": 0.688}, "8.0": {"bleu": 0.08002194447614448, "ppl": 65.30366, "ppl_ref": 48.27969, "human_acc": 0.643, "model_acc": 0.643, "model_same_as_human_acc": 0.675}}