{"2.0": {"bleu": 0.1704810332880872, "ppl": 55.51863, "ppl_ref": 48.27969, "human_acc": 0.643, "model_acc": 0.643, "model_same_as_human_acc": 0.728}, "3.0": {"bleu": 0.12034846501465696, "ppl": 61.84253, "ppl_ref": 48.27969, "human_acc": 0.643, "model_acc": 0.643, "model_same_as_human_acc": 0.699}, "4.0": {"bleu": 0.07911617736706682, "ppl": 70.28758, "ppl_ref": 48.27969, "human_acc": 0.643, "model_acc": 0.643, "model_same_as_human_acc": 0.682}, "5.0": {"bleu": 0.054965075285279316, "ppl": 79.48166, "ppl_ref": 48.27969, "human_acc": 0.643, "model_acc": 0.643, "model_same_as_human_acc": 0.661}, "6.0": {"bleu": 0.04074168798589004, "ppl": 87.50335, "ppl_ref": 48.27969, "human_acc": 0.643, "model_acc": 0.643, "model_same_as_human_acc": 0.653}, "7.0": {"bleu": 0.029332938339687874, "ppl": 100.8761, "ppl_ref": 48.27969, "human_acc": 0.643, "model_acc": 0.643, "model_same_as_human_acc": 0.649}, "8.0": {"bleu": 0.020304113707101983, "ppl": 121.509, "ppl_ref": 48.27969, "human_acc": 0.643, "model_acc": 0.643, "model_same_as_human_acc": 0.651}}