{"2.0": {"bleu": 0.19756768750924183, "ppl": 55.56352, "ppl_ref": 48.27969, "human_acc": 0.643, "model_acc": 0.643, "model_same_as_human_acc": 0.734}, "3.0": {"bleu": 0.16288131049277565, "ppl": 58.38589, "ppl_ref": 48.27969, "human_acc": 0.643, "model_acc": 0.643, "model_same_as_human_acc": 0.72}, "4.0": {"bleu": 0.1202002016011665, "ppl": 65.26678, "ppl_ref": 48.27969, "human_acc": 0.643, "model_acc": 0.643, "model_same_as_human_acc": 0.703}, "5.0": {"bleu": 0.0875602237180894, "ppl": 72.8824, "ppl_ref": 48.27969, "human_acc": 0.643, "model_acc": 0.643, "model_same_as_human_acc": 0.693}, "6.0": {"bleu": 0.06461474143894254, "ppl": 81.22328, "ppl_ref": 48.27969, "human_acc": 0.643, "model_acc": 0.643, "model_same_as_human_acc": 0.676}, "7.0": {"bleu": 0.05073018732498971, "ppl": 91.72843, "ppl_ref": 48.27969, "human_acc": 0.643, "model_acc": 0.643, "model_same_as_human_acc": 0.662}, "8.0": {"bleu": 0.04014990316240999, "ppl": 101.5135, "ppl_ref": 48.27969, "human_acc": 0.643, "model_acc": 0.643, "model_same_as_human_acc": 0.662}}