{"2.0": {"bleu": 0.2050116512373418, "ppl": 17.06647, "ppl_ref": 18.50247, "human_acc": 0.6816666666666666, "model_acc": 0.6816666666666666, "model_same_as_human_acc": 0.6583333333333333}, "3.0": {"bleu": 0.20655457387185766, "ppl": 17.14726, "ppl_ref": 18.50247, "human_acc": 0.6816666666666666, "model_acc": 0.6816666666666666, "model_same_as_human_acc": 0.6683333333333333}, "4.0": {"bleu": 0.20631784521062205, "ppl": 17.26212, "ppl_ref": 18.50247, "human_acc": 0.6816666666666666, "model_acc": 0.6816666666666666, "model_same_as_human_acc": 0.675}, "5.0": {"bleu": 0.20685752270018234, "ppl": 17.31924, "ppl_ref": 18.50247, "human_acc": 0.6816666666666666, "model_acc": 0.6816666666666666, "model_same_as_human_acc": 0.6733333333333333}, "6.0": {"bleu": 0.2063548261796181, "ppl": 17.34013, "ppl_ref": 18.50247, "human_acc": 0.6816666666666666, "model_acc": 0.6816666666666666, "model_same_as_human_acc": 0.6816666666666666}, "7.0": {"bleu": 0.20641383371927227, "ppl": 17.3184, "ppl_ref": 18.50247, "human_acc": 0.6816666666666666, "model_acc": 0.6816666666666666, "model_same_as_human_acc": 0.6866666666666666}, "8.0": {"bleu": 0.2058025903231927, "ppl": 17.22081, "ppl_ref": 18.50247, "human_acc": 0.6816666666666666, "model_acc": 0.6816666666666666, "model_same_as_human_acc": 0.695}}