{"2.0": {"bleu": 0.19353041924760714, "ppl": 18.25824, "ppl_ref": 18.50247, "human_acc": 0.6816666666666666, "model_acc": 0.6816666666666666, "model_same_as_human_acc": 0.6483333333333333}, "3.0": {"bleu": 0.1929855859993937, "ppl": 18.3451, "ppl_ref": 18.50247, "human_acc": 0.6816666666666666, "model_acc": 0.6816666666666666, "model_same_as_human_acc": 0.6533333333333333}, "4.0": {"bleu": 0.19219705336418857, "ppl": 18.38972, "ppl_ref": 18.50247, "human_acc": 0.6816666666666666, "model_acc": 0.6816666666666666, "model_same_as_human_acc": 0.655}, "5.0": {"bleu": 0.19128201640247317, "ppl": 18.34191, "ppl_ref": 18.50247, "human_acc": 0.6816666666666666, "model_acc": 0.6816666666666666, "model_same_as_human_acc": 0.65}, "6.0": {"bleu": 0.1911648876941397, "ppl": 18.30843, "ppl_ref": 18.50247, "human_acc": 0.6816666666666666, "model_acc": 0.6816666666666666, "model_same_as_human_acc": 0.645}, "7.0": {"bleu": 0.19304739167731827, "ppl": 18.37454, "ppl_ref": 18.50247, "human_acc": 0.6816666666666666, "model_acc": 0.6816666666666666, "model_same_as_human_acc": 0.6533333333333333}, "8.0": {"bleu": 0.19367821784542563, "ppl": 18.38624, "ppl_ref": 18.50247, "human_acc": 0.6816666666666666, "model_acc": 0.6816666666666666, "model_same_as_human_acc": 0.66}}