{"2.0": {"bleu": 0.09015326982311268, "ppl": 17.60605, "ppl_ref": 18.50247, "human_acc": 0.6816666666666666, "model_acc": 0.6816666666666666, "model_same_as_human_acc": 0.6383333333333333}, "3.0": {"bleu": 0.0897920354549623, "ppl": 17.61414, "ppl_ref": 18.50247, "human_acc": 0.6816666666666666, "model_acc": 0.6816666666666666, "model_same_as_human_acc": 0.625}, "4.0": {"bleu": 0.088004659217626, "ppl": 17.63565, "ppl_ref": 18.50247, "human_acc": 0.6816666666666666, "model_acc": 0.6816666666666666, "model_same_as_human_acc": 0.64}, "5.0": {"bleu": 0.0875853591724004, "ppl": 17.22109, "ppl_ref": 18.50247, "human_acc": 0.6816666666666666, "model_acc": 0.6816666666666666, "model_same_as_human_acc": 0.645}, "6.0": {"bleu": 0.08542818412874584, "ppl": 17.33955, "ppl_ref": 18.50247, "human_acc": 0.6816666666666666, "model_acc": 0.6816666666666666, "model_same_as_human_acc": 0.6583333333333333}, "7.0": {"bleu": 0.08387291926699939, "ppl": 17.41427, "ppl_ref": 18.50247, "human_acc": 0.6816666666666666, "model_acc": 0.6816666666666666, "model_same_as_human_acc": 0.6516666666666666}, "8.0": {"bleu": 0.08306374627523896, "ppl": 17.33007, "ppl_ref": 18.50247, "human_acc": 0.6816666666666666, "model_acc": 0.6816666666666666, "model_same_as_human_acc": 0.67}}