{"2.0": {"bleu": 0.13113371233785415, "ppl": 43.42839, "ppl_ref": 48.27969, "human_acc": 0.643, "model_acc": 0.643, "model_same_as_human_acc": 0.692}, "3.0": {"bleu": 0.1308803520926793, "ppl": 43.5627, "ppl_ref": 48.27969, "human_acc": 0.643, "model_acc": 0.643, "model_same_as_human_acc": 0.704}, "4.0": {"bleu": 0.13071746569412845, "ppl": 43.8235, "ppl_ref": 48.27969, "human_acc": 0.643, "model_acc": 0.643, "model_same_as_human_acc": 0.713}, "5.0": {"bleu": 0.13002324852846942, "ppl": 43.94108, "ppl_ref": 48.27969, "human_acc": 0.643, "model_acc": 0.643, "model_same_as_human_acc": 0.719}, "6.0": {"bleu": 0.12986105687827032, "ppl": 44.01743, "ppl_ref": 48.27969, "human_acc": 0.643, "model_acc": 0.643, "model_same_as_human_acc": 0.721}, "7.0": {"bleu": 0.1294968997590804, "ppl": 43.94596, "ppl_ref": 48.27969, "human_acc": 0.643, "model_acc": 0.643, "model_same_as_human_acc": 0.722}, "8.0": {"bleu": 0.12935173765820845, "ppl": 44.11111, "ppl_ref": 48.27969, "human_acc": 0.643, "model_acc": 0.643, "model_same_as_human_acc": 0.722}}